atom_index,atom_label,symbol,atomic_number,frac_x,frac_y,frac_z,x,y,z,structure_id,relative_cif_path,z_rank,layer_label,layer_name
96,H97,H,1,0.8013389758937157,0.2639716486768769,0.1192093436940012,15.164381660025615,4.947317749120648,3.238379282900374,L100_D7.2_U260,r100/t7.2/t7.2_260.cif,0,0,lower
60,H61,H,1,0.3010245344542627,0.2636027674091369,0.1225016723446592,5.783650973430863,4.942737796769404,3.327816977668311,L100_D7.2_U260,r100/t7.2/t7.2_260.cif,1,0,lower
98,H99,H,1,0.8227302528123551,0.1268960097947459,0.1261612933937777,15.349285350669778,2.4247196438248757,3.4272323474832183,L100_D7.2_U260,r100/t7.2/t7.2_260.cif,2,0,lower
62,H63,H,1,0.3226969183343886,0.1266753155463209,0.1296088402169303,5.973729749421453,2.4229765605955835,3.5208866187254504,L100_D7.2_U260,r100/t7.2/t7.2_260.cif,3,0,lower
93,H94,H,1,0.895719514393576,0.3419165603748356,0.12996233114434,17.026028004179903,6.391656663236133,3.53048937015872,L100_D7.2_U260,r100/t7.2/t7.2_260.cif,4,0,lower
146,O147,O,8,0.7179971727802382,0.1614542826767206,0.1311515738712989,13.428023808466351,3.065243454280897,3.5627957220769835,L100_D7.2_U260,r100/t7.2/t7.2_260.cif,5,0,lower
57,H58,H,1,0.3931082898957571,0.3407851020926305,0.1319373238747068,7.60377283247609,6.372128196953852,3.5841409996678637,L100_D7.2_U260,r100/t7.2/t7.2_260.cif,6,0,lower
128,O129,O,8,0.2178314099021258,0.1616494399861047,0.1336590889621875,4.052476950962705,3.070533306318066,3.630913578196867,L100_D7.2_U260,r100/t7.2/t7.2_260.cif,7,0,lower
95,H96,H,1,0.9295804817978294,0.2112245158075386,0.139447278501516,17.448905592222985,3.9884629301316186,3.7881525370638585,L100_D7.2_U260,r100/t7.2/t7.2_260.cif,8,0,lower
59,H60,H,1,0.429094840585232,0.2103773328842676,0.1428952027279925,8.063951899300783,3.9751694169221303,3.8818170606493,L100_D7.2_U260,r100/t7.2/t7.2_260.cif,9,0,lower
35,C36,C,6,0.790257931152651,0.1592238073271202,0.1511810306172956,14.738579396238723,3.037632703218116,4.106905569208446,L100_D7.2_U260,r100/t7.2/t7.2_260.cif,10,0,lower
101,H102,H,1,0.6860764497534232,0.1884632706680018,0.1526398769392929,12.826866299543523,3.577710172467684,4.146535832740625,L100_D7.2_U260,r100/t7.2/t7.2_260.cif,11,0,lower
94,H95,H,1,0.5578409305877825,0.2602296580654436,0.1541301959089964,10.527093411189094,4.901885437337916,4.187021065918233,L100_D7.2_U260,r100/t7.2/t7.2_260.cif,12,0,lower
11,C12,C,6,0.2897810620434282,0.1590924165206044,0.154328868931814,5.355444032236373,3.0373339245183395,4.192418114347718,L100_D7.2_U260,r100/t7.2/t7.2_260.cif,13,0,lower
34,C35,C,6,0.8174128819272346,0.2345727583583938,0.1545749142801426,15.351593958835174,4.429144584265458,4.199102054834184,L100_D7.2_U260,r100/t7.2/t7.2_260.cif,14,0,lower
65,H66,H,1,0.1855702254602173,0.1882057280916049,0.1551771227913105,3.444214297751329,3.574673573065676,4.21546133931744,L100_D7.2_U260,r100/t7.2/t7.2_260.cif,15,0,lower
91,H92,H,1,0.7660361188695047,0.3699051523772845,0.1560607871702867,14.58548137437604,6.925294768751077,4.239466508117456,L100_D7.2_U260,r100/t7.2/t7.2_260.cif,16,0,lower
58,H59,H,1,0.0596159954362406,0.2583190822205185,0.1560843407033555,1.1859108660445137,4.867978175034586,4.240106351196576,L100_D7.2_U260,r100/t7.2/t7.2_260.cif,17,0,lower
10,C11,C,6,0.3170317538590692,0.2343610245445474,0.1579392875245191,5.969701576035906,4.427510592912739,4.290496875717519,L100_D7.2_U260,r100/t7.2/t7.2_260.cif,18,0,lower
55,H56,H,1,0.2652370463647184,0.3695169428315015,0.1587442258105747,5.19685826614441,6.9199476682307965,4.312363412255687,L100_D7.2_U260,r100/t7.2/t7.2_260.cif,19,0,lower
33,C34,C,6,0.8979303847117781,0.2384172625172933,0.1672996543646973,16.84038131522133,4.508611179131658,4.544775752827939,L100_D7.2_U260,r100/t7.2/t7.2_260.cif,20,0,lower
32,C33,C,6,0.9113998996761176,0.319319916516792,0.16730999711488,17.21193319048176,6.000234967978806,4.54505671862208,L100_D7.2_U260,r100/t7.2/t7.2_260.cif,21,0,lower
8,C9,C,6,0.4103766464871257,0.3193123945076203,0.1693430377610316,7.82096964625195,6.001467879481444,4.600285247743853,L100_D7.2_U260,r100/t7.2/t7.2_260.cif,22,0,lower
9,C10,C,6,0.3975511326770437,0.2382961548725732,0.1705117058158588,7.458961781852111,4.508545314498081,4.632032678776227,L100_D7.2_U260,r100/t7.2/t7.2_260.cif,23,0,lower
144,O145,O,8,0.9869595779043792,0.3301398894041355,0.1732427915659758,18.63167452646053,6.203727333100396,4.706223939619888,L100_D7.2_U260,r100/t7.2/t7.2_260.cif,24,0,lower
126,O127,O,8,0.4855570689781448,0.3318399996643496,0.1735643418128317,9.239539283640513,6.235289507048669,4.714959007069824,L100_D7.2_U260,r100/t7.2/t7.2_260.cif,25,0,lower
141,O142,O,8,0.5995268358597925,0.2430174588539214,0.1763972271337754,11.238271033882816,4.5995635290298615,4.791915702324563,L100_D7.2_U260,r100/t7.2/t7.2_260.cif,26,0,lower
123,O124,O,8,0.1010283448750394,0.2423489957701013,0.1789600046233318,1.892578306842148,4.588967939166822,4.861534788141915,L100_D7.2_U260,r100/t7.2/t7.2_260.cif,27,0,lower
85,H86,H,1,0.6591947278206007,0.3551922632159502,0.1811535222029451,12.51197472298594,6.670959458631468,4.921122750514489,L100_D7.2_U260,r100/t7.2/t7.2_260.cif,28,0,lower
49,H50,H,1,0.1589778782585119,0.3549912620906463,0.183485980435827,3.1352365245382114,6.6688271636544485,4.984485102705472,L100_D7.2_U260,r100/t7.2/t7.2_260.cif,29,0,lower
97,H98,H,1,0.7977253187958573,0.1318355377608615,0.1878227568689933,14.764959292390762,2.557390677228748,5.1022957249314125,L100_D7.2_U260,r100/t7.2/t7.2_260.cif,30,0,lower
61,H62,H,1,0.296454803453173,0.1316927375462896,0.1909805228982935,5.366917977956093,2.556888238975082,5.188077961228104,L100_D7.2_U260,r100/t7.2/t7.2_260.cif,31,0,lower
30,C31,C,6,0.7874072655276397,0.3474653960188611,0.1928795116609132,14.87929287843508,6.53640878485625,5.23966490631786,L100_D7.2_U260,r100/t7.2/t7.2_260.cif,32,0,lower
142,O143,O,8,0.7819902060519639,0.270543782629167,0.1936580763648015,14.662898345567257,5.118716397605547,5.260814991783822,L100_D7.2_U260,r100/t7.2/t7.2_260.cif,33,0,lower
6,C7,C,6,0.2867357296611162,0.3476002437485827,0.1956678548538844,5.493620509273447,6.540776159711854,5.315411593195968,L100_D7.2_U260,r100/t7.2/t7.2_260.cif,34,0,lower
143,O144,O,8,0.8714236288813527,0.4394871957257164,0.1959774819784284,16.58279060760605,8.235121342808494,5.3238227632811,L100_D7.2_U260,r100/t7.2/t7.2_260.cif,35,0,lower
124,O125,O,8,0.2814853110473638,0.2705686224114737,0.1968452678312305,5.279389538890754,5.121324620131805,5.347396584263807,L100_D7.2_U260,r100/t7.2/t7.2_260.cif,36,0,lower
125,O126,O,8,0.3706305237932127,0.4395954621224696,0.1972942227337406,7.197739926581598,8.238005812439255,5.359592660596357,L100_D7.2_U260,r100/t7.2/t7.2_260.cif,37,0,lower
99,H100,H,1,0.9223234213448994,0.4482115709451222,0.1988526543655693,17.543535541315926,8.397913963432776,5.401928207072356,L100_D7.2_U260,r100/t7.2/t7.2_260.cif,38,0,lower
63,H64,H,1,0.4215199323545631,0.4482792785374101,0.1990257180058041,8.160514253393986,8.399279058346668,5.40662956427971,L100_D7.2_U260,r100/t7.2/t7.2_260.cif,39,0,lower
31,C32,C,6,0.8661001162917419,0.3638152790742156,0.2028918008984499,16.3577382881553,6.844609342009915,5.51165356959306,L100_D7.2_U260,r100/t7.2/t7.2_260.cif,40,0,lower
7,C8,C,6,0.3655447272428229,0.3641243680105645,0.2050876465181672,6.975681841777744,6.851789503368282,5.571304774297225,L100_D7.2_U260,r100/t7.2/t7.2_260.cif,41,0,lower
145,O146,O,8,0.9212362819206475,0.202766801750833,0.2134345007089326,17.132371891499623,3.882442203147438,5.798051091751576,L100_D7.2_U260,r100/t7.2/t7.2_260.cif,42,0,lower
127,O128,O,8,0.4209691907032691,0.2037739771398793,0.2169684009192986,7.754073666513323,3.90339583223248,5.894051194381639,L100_D7.2_U260,r100/t7.2/t7.2_260.cif,43,0,lower
28,C29,C,6,0.52465893442843,0.3336273582798032,0.2200813087165453,9.881878309449467,6.299626152224436,5.978614835181969,L100_D7.2_U260,r100/t7.2/t7.2_260.cif,44,0,lower
4,C5,C,6,0.0238752276344524,0.3332082187018171,0.2204429228198129,0.4981337500920677,6.292142364184874,5.988438256602964,L100_D7.2_U260,r100/t7.2/t7.2_260.cif,45,0,lower
25,C26,C,6,0.6726033365040719,0.3596234479098202,0.220877450123754,12.690399442369472,6.7794578602969215,6.000242400265977,L100_D7.2_U260,r100/t7.2/t7.2_260.cif,46,0,lower
138,O139,O,8,0.5489522342636729,0.4056158587021342,0.2211437730270344,10.440982137279637,7.627607901706291,6.007477190306923,L100_D7.2_U260,r100/t7.2/t7.2_260.cif,47,0,lower
120,O121,O,8,0.0475979321135409,0.4054715676744186,0.2216944475531205,1.046574709846434,7.625319096022211,6.02243652924495,L100_D7.2_U260,r100/t7.2/t7.2_260.cif,48,0,lower
1,C2,C,6,0.1716763016776136,0.3602619512557221,0.223212472752818,3.30158755047093,6.792805390617368,6.063674415515339,L100_D7.2_U260,r100/t7.2/t7.2_260.cif,49,0,lower
27,C28,C,6,0.5840509122220979,0.269130863445715,0.2237953618798747,10.892157421030104,5.112998349785126,6.079508879616859,L100_D7.2_U260,r100/t7.2/t7.2_260.cif,50,0,lower
3,C4,C,6,0.0836469292589767,0.2691432622787273,0.2258041708013171,1.512873919920928,5.114582197449123,6.134079142256699,L100_D7.2_U260,r100/t7.2/t7.2_260.cif,51,0,lower
140,O141,O,8,0.7459648310238322,0.376164939918037,0.2296853370996968,14.071646838890649,7.090378593136537,6.239512895557333,L100_D7.2_U260,r100/t7.2/t7.2_260.cif,52,0,lower
122,O123,O,8,0.2451491202491591,0.3767346776086579,0.232298720994079,4.684263487320035,7.102646075827574,6.310506728755148,L100_D7.2_U260,r100/t7.2/t7.2_260.cif,53,0,lower
86,H87,H,1,0.6295152510972996,0.472130485564828,0.2347235144751784,12.021263343995662,8.863111671397823,6.376377412471522,L100_D7.2_U260,r100/t7.2/t7.2_260.cif,54,0,lower
100,H101,H,1,0.8821194074720506,0.2124332695482054,0.2348556811716286,16.370970021900565,4.075116466820819,6.379967784487767,L100_D7.2_U260,r100/t7.2/t7.2_260.cif,55,0,lower
50,H51,H,1,0.1272634528915235,0.4729088379634498,0.2357295511425415,2.6104912317439166,8.878141020081575,6.403706883471628,L100_D7.2_U260,r100/t7.2/t7.2_260.cif,56,0,lower
64,H65,H,1,0.3818448996717362,0.2138831415787771,0.2383192844425749,6.993325555160148,4.104184747650705,6.474058236873865,L100_D7.2_U260,r100/t7.2/t7.2_260.cif,57,0,lower
92,H93,H,1,0.8812917649376198,0.346507925034475,0.2415794692878808,16.539605150307565,6.551611272409295,6.562622729675411,L100_D7.2_U260,r100/t7.2/t7.2_260.cif,58,0,lower
26,C27,C,6,0.6200783282058564,0.4156001989597191,0.2428987878817259,11.74483297709828,7.826368059449539,6.598462655216986,L100_D7.2_U260,r100/t7.2/t7.2_260.cif,59,0,lower
56,H57,H,1,0.3815597532600692,0.3475401434476534,0.2438090075362238,7.173973343525422,6.572146633064822,6.6231892108767605,L100_D7.2_U260,r100/t7.2/t7.2_260.cif,60,0,lower
2,C3,C,6,0.1180953053705486,0.4163957923228125,0.2442190800591308,2.3384943876787005,7.841927296196563,6.634329028625253,L100_D7.2_U260,r100/t7.2/t7.2_260.cif,61,0,lower
87,H88,H,1,0.5634881793050227,0.2256377153017095,0.2456462858447541,10.39918344097058,4.325849122133599,6.673099761735418,L100_D7.2_U260,r100/t7.2/t7.2_260.cif,62,0,lower
51,H52,H,1,0.0626815159100949,0.2259064354081983,0.2476531652898542,1.0127371018217537,4.3321575095815765,6.7276176092203706,L100_D7.2_U260,r100/t7.2/t7.2_260.cif,63,0,lower
24,C25,C,6,0.6535140080573303,0.2927163874476383,0.2492902662327513,12.177425611106932,5.565049109406309,6.772090245451833,L100_D7.2_U260,r100/t7.2/t7.2_260.cif,64,0,lower
88,H89,H,1,0.9873013893712788,0.32733690275795,0.2497352415271755,18.481207235893923,6.203653992807635,6.784178213812472,L100_D7.2_U260,r100/t7.2/t7.2_260.cif,65,0,lower
52,H53,H,1,0.4894138231087718,0.3274631713546868,0.2501474485962858,9.152425822881224,6.20626012624782,6.795376017537476,L100_D7.2_U260,r100/t7.2/t7.2_260.cif,66,0,lower
84,H85,H,1,0.6959786009114934,0.2483149148267742,0.2519593849140805,12.902260483451474,4.748211885036825,6.84459814100242,L100_D7.2_U260,r100/t7.2/t7.2_260.cif,67,0,lower
0,C1,C,6,0.1522118263205672,0.2937730053134824,0.2519904315149487,2.7814721731556484,5.586351836915791,6.845441536880131,L100_D7.2_U260,r100/t7.2/t7.2_260.cif,68,0,lower
48,H49,H,1,0.1949795682658988,0.2496756578798466,0.25555869036315,3.510639413702736,4.775728430673002,6.942375008468587,L100_D7.2_U260,r100/t7.2/t7.2_260.cif,69,0,lower
29,C30,C,6,0.6287956544530448,0.3945910524809492,0.2973373642564222,11.768494138569851,7.475745766454636,8.077312822993537,L100_D7.2_U260,r100/t7.2/t7.2_260.cif,70,0,lower
139,O140,O,8,0.6400615254415822,0.3159817226994094,0.2984658721311161,11.861475980008308,6.027172738014875,8.107969283374526,L100_D7.2_U260,r100/t7.2/t7.2_260.cif,71,0,lower
5,C6,C,6,0.1255166528104833,0.3964605039200893,0.2987640476541122,2.339244766300667,7.511175695179929,8.116069365183693,L100_D7.2_U260,r100/t7.2/t7.2_260.cif,72,0,lower
121,O122,O,8,0.1370203899955061,0.3179090366681974,0.3006892290965957,2.435177594659706,6.064206966513937,8.16836784704738,L100_D7.2_U260,r100/t7.2/t7.2_260.cif,73,0,lower
90,H91,H,1,0.6760026441373885,0.4176372192908895,0.3156567684225211,12.650317643483596,7.913011330531993,8.574968267510165,L100_D7.2_U260,r100/t7.2/t7.2_260.cif,74,0,lower
89,H90,H,1,0.5807237843604367,0.4108266039429175,0.3165780129581016,10.853350523152262,7.788064308048584,8.599994319378775,L100_D7.2_U260,r100/t7.2/t7.2_260.cif,75,0,lower
54,H55,H,1,0.1722612039625671,0.4200028550535689,0.31734177594128,3.2126196150450244,7.957763778084517,8.620742308966905,L100_D7.2_U260,r100/t7.2/t7.2_260.cif,76,0,lower
53,H54,H,1,0.0769029822709871,0.4129631902821413,0.3173458924201418,1.415659425818269,7.827974987283827,8.620854135099417,L100_D7.2_U260,r100/t7.2/t7.2_260.cif,77,0,lower
78,H79,H,1,0.2266161502745434,0.1864526295188955,0.3584179055182087,3.8048113416711407,3.6794682995946384,9.736595168497,L100_D7.2_U260,r100/t7.2/t7.2_260.cif,78,1,upper
75,H76,H,1,0.3197855939972021,0.2662159993962708,0.3588531014948135,5.667049572334557,5.150373530104591,9.748417476975238,L100_D7.2_U260,r100/t7.2/t7.2_260.cif,79,1,upper
110,H111,H,1,0.819327184664967,0.2661020137373169,0.3589392235840883,15.025842897137682,5.14833005846009,9.75075702504308,L100_D7.2_U260,r100/t7.2/t7.2_260.cif,80,1,upper
113,H114,H,1,0.7275134807458188,0.1856588889375096,0.3589744958531252,13.187063955237988,3.665209466569375,9.751715213233451,L100_D7.2_U260,r100/t7.2/t7.2_260.cif,81,1,upper
108,H109,H,1,0.6922730735474302,0.2989171838448701,0.3811743415503938,12.649383698438069,5.768350243251087,10.3547847224001,L100_D7.2_U260,r100/t7.2/t7.2_260.cif,82,1,upper
73,H74,H,1,0.1928232428627502,0.2992847848284164,0.3812239051942042,3.2924123172280395,5.77516120707008,10.356131142674943,L100_D7.2_U260,r100/t7.2/t7.2_260.cif,83,1,upper
80,H81,H,1,0.2502051870533202,0.0523222679967992,0.3816839621227612,4.002654916549302,1.2221791582550054,10.368628810896476,L100_D7.2_U260,r100/t7.2/t7.2_260.cif,84,1,upper
137,O138,O,8,0.1450313226205493,0.088098662536401,0.3823316464845383,2.0836014026630814,1.8822319535029703,10.386223468781862,L100_D7.2_U260,r100/t7.2/t7.2_260.cif,85,1,upper
77,H78,H,1,0.3551526815483762,0.1387973476937108,0.3825531060297945,6.0945837706553645,2.8171221563066897,10.392239524076984,L100_D7.2_U260,r100/t7.2/t7.2_260.cif,86,1,upper
155,O156,O,8,0.6476098922541362,0.0851298277740161,0.3832605653262441,11.493404169055104,1.828121709485656,10.411457996875546,L100_D7.2_U260,r100/t7.2/t7.2_260.cif,87,1,upper
115,H116,H,1,0.7534925679542017,0.0520311807175497,0.3832736140167373,13.428364048652645,1.2178847924016722,10.41181247084254,L100_D7.2_U260,r100/t7.2/t7.2_260.cif,88,1,upper
112,H113,H,1,0.8565446409291554,0.1392986482938534,0.384196688032113,15.485841285515315,2.827473572667613,10.436888221411635,L100_D7.2_U260,r100/t7.2/t7.2_260.cif,89,1,upper
76,H77,H,1,0.9857042829153934,0.1901245983218589,0.3911559390762592,17.96670342054013,3.7692558493245474,10.625939630533688,L100_D7.2_U260,r100/t7.2/t7.2_260.cif,90,1,upper
111,H112,H,1,0.4879892734869674,0.1871915160668735,0.3914722026364605,8.636838369840742,3.715391451255465,10.634531082592355,L100_D7.2_U260,r100/t7.2/t7.2_260.cif,91,1,upper
22,C23,C,6,0.2431793824156204,0.1662207590180831,0.3963977213950959,4.009479415570408,3.3320728384481133,10.768335173876054,L100_D7.2_U260,r100/t7.2/t7.2_260.cif,92,1,upper
46,C47,C,6,0.7439890037263661,0.1660869485134331,0.3971045968154187,13.390761117143487,3.33008264539461,10.787537785398191,L100_D7.2_U260,r100/t7.2/t7.2_260.cif,93,1,upper
20,C21,C,6,0.3365259202757901,0.2526778060118466,0.3978451192395284,5.882877966160121,4.927073484819835,10.807654433996776,L100_D7.2_U260,r100/t7.2/t7.2_260.cif,94,1,upper
44,C45,C,6,0.8362985950528979,0.2535621887749306,0.3980199968423465,15.247294685509964,4.943496990823549,10.812405068372076,L100_D7.2_U260,r100/t7.2/t7.2_260.cif,95,1,upper
83,H84,H,1,0.1123733613456506,0.1213977576300683,0.399544938590216,1.4864366651984395,2.5077863626373578,10.85383084600748,L100_D7.2_U260,r100/t7.2/t7.2_260.cif,96,1,upper
118,H119,H,1,0.6142862368732668,0.1185705582128284,0.3998383952218318,10.885244963325857,2.455858758775227,10.861802736857696,L100_D7.2_U260,r100/t7.2/t7.2_260.cif,97,1,upper
135,O136,O,8,0.9115952843532112,0.2657474880914825,0.4008660069711076,16.67028442465773,5.170079618319482,10.88971830535761,L100_D7.2_U260,r100/t7.2/t7.2_260.cif,98,1,upper
153,O154,O,8,0.4122253235272523,0.263323856047158,0.4009587176579763,7.310610225356506,5.125457225065884,10.892236835854932,L100_D7.2_U260,r100/t7.2/t7.2_260.cif,99,1,upper
23,C24,C,6,0.2168300887798844,0.0910004869878347,0.4022290703678345,3.39332777518779,1.949157262439652,10.926746579555402,L100_D7.2_U260,r100/t7.2/t7.2_260.cif,100,1,upper
47,C48,C,6,0.7189964385630274,0.0902995494301533,0.4033452615321165,12.798375362919035,1.9369869916361973,10.957068450561133,L100_D7.2_U260,r100/t7.2/t7.2_260.cif,101,1,upper
67,H68,H,1,0.0851876459062241,0.2923292781334929,0.4061856608451719,1.215718401846298,5.663761789845743,11.034229267033488,L100_D7.2_U260,r100/t7.2/t7.2_260.cif,102,1,upper
103,H104,H,1,0.5849307063038451,0.2918862705409422,0.4064700722701327,10.577405570551024,5.65578585793343,11.04195544048494,L100_D7.2_U260,r100/t7.2/t7.2_260.cif,103,1,upper
21,C22,C,6,0.3235847811067525,0.1727218003421832,0.4073249324797404,5.503670352189499,3.459305780159314,11.065178130139833,L100_D7.2_U260,r100/t7.2/t7.2_260.cif,104,1,upper
45,C46,C,6,0.8242613913675478,0.1736093627764504,0.4083385710550706,14.883352542755764,3.476353782597681,11.092714110634148,L100_D7.2_U260,r100/t7.2/t7.2_260.cif,105,1,upper
152,O153,O,8,0.7958593906516646,0.3797924332434574,0.4135707847623716,14.644604553725204,7.281318135149148,11.234849718031873,L100_D7.2_U260,r100/t7.2/t7.2_260.cif,106,1,upper
134,O135,O,8,0.2971181629994061,0.3788740652752337,0.4141114780004462,5.298033515248079,7.2647507995163325,11.24953791046987,L100_D7.2_U260,r100/t7.2/t7.2_260.cif,107,1,upper
116,H117,H,1,0.8467849127378513,0.3882385090469269,0.4145191416423584,15.609268936275871,7.43767976821415,11.260612289805009,L100_D7.2_U260,r100/t7.2/t7.2_260.cif,108,1,upper
132,O133,O,8,0.0271342398995326,0.1799597744979865,0.415141411268129,-0.055404430357272,3.598027021683506,11.277516544136333,L100_D7.2_U260,r100/t7.2/t7.2_260.cif,109,1,upper
150,O151,O,8,0.5300055154911752,0.1796709563857308,0.4152080006936618,9.365553394601696,3.5927469548290767,11.27932547797846,L100_D7.2_U260,r100/t7.2/t7.2_260.cif,110,1,upper
81,H82,H,1,0.3481133922194802,0.3872091041869104,0.4156559576810281,6.262649927901406,7.41946740119011,11.29149444546511,L100_D7.2_U260,r100/t7.2/t7.2_260.cif,111,1,upper
42,C43,C,6,0.7123233647149748,0.2880475432005644,0.4201647679460228,12.931161211806918,5.594249712122324,11.413978449656655,L100_D7.2_U260,r100/t7.2/t7.2_260.cif,112,1,upper
18,C19,C,6,0.2127044738739229,0.2879168654106541,0.4201916418179752,3.570333475382649,5.591858512687946,11.414708491342024,L100_D7.2_U260,r100/t7.2/t7.2_260.cif,113,1,upper
43,C44,C,6,0.7906314301656885,0.3064139336266055,0.4284541038317519,14.40880936026358,5.938466584115407,11.639162254629642,L100_D7.2_U260,r100/t7.2/t7.2_260.cif,114,1,upper
19,C20,C,6,0.2912655429813703,0.3055393847774907,0.4286356231878207,5.0513168207107695,5.922464831887733,11.644093315433464,L100_D7.2_U260,r100/t7.2/t7.2_260.cif,115,1,upper
133,O134,O,8,0.2078952785390819,0.2121482993615939,0.4308898427644805,3.347219004711487,4.202117375346002,11.705330276815468,L100_D7.2_U260,r100/t7.2/t7.2_260.cif,116,1,upper
151,O152,O,8,0.7080206058586551,0.2122085401263358,0.431209546942074,12.716739209182537,4.203443734433447,11.714015194904045,L100_D7.2_U260,r100/t7.2/t7.2_260.cif,117,1,upper
129,O130,O,8,0.9717018295780762,0.3520252046707761,0.4384752486085289,17.848444378606075,6.786170599163857,11.911391482896864,L100_D7.2_U260,r100/t7.2/t7.2_260.cif,118,1,upper
147,O148,O,8,0.4712247687326045,0.3507201945361059,0.4385167358792484,8.469778813170835,6.762137881632561,11.912518504603712,L100_D7.2_U260,r100/t7.2/t7.2_260.cif,119,1,upper
79,H80,H,1,0.2237248382727747,0.0736412183701061,0.4414581715881434,3.41859091384128,1.655567313471919,11.992424023470756,L100_D7.2_U260,r100/t7.2/t7.2_260.cif,120,1,upper
114,H115,H,1,0.7259016582427872,0.0736459580246808,0.4427049167690902,12.824613833700772,1.656495819205136,12.026292457269014,L100_D7.2_U260,r100/t7.2/t7.2_260.cif,121,1,upper
104,H105,H,1,0.5491012911627384,0.421991137936073,0.443173819263471,10.024552944038952,8.079315022058475,12.039030419549896,L100_D7.2_U260,r100/t7.2/t7.2_260.cif,122,1,upper
68,H69,H,1,0.0503891745037979,0.4222716865474409,0.4434590899895538,0.6808040228064934,8.084680005998065,12.046779936330529,L100_D7.2_U260,r100/t7.2/t7.2_260.cif,123,1,upper
13,C14,C,6,0.0964732343042388,0.3077160582753036,0.4445803399863112,1.373165416654479,5.973353697935012,12.077239232958917,L100_D7.2_U260,r100/t7.2/t7.2_260.cif,124,1,upper
37,C38,C,6,0.5962478155588221,0.3077126779478376,0.4447590818634032,10.73630196327444,5.973411962899013,12.082094842207528,L100_D7.2_U260,r100/t7.2/t7.2_260.cif,125,1,upper
40,C41,C,6,0.4494558761001387,0.2784906165593102,0.4462347362661311,7.940082709714882,5.435635105100689,12.122181705354608,L100_D7.2_U260,r100/t7.2/t7.2_260.cif,126,1,upper
16,C17,C,6,0.9489970537486,0.2803416020588445,0.4462752275074619,17.301854922163965,5.4697893758386735,12.123281669443005,L100_D7.2_U260,r100/t7.2/t7.2_260.cif,127,1,upper
149,O150,O,8,0.6689021769154607,0.327242003019117,0.4519068893179838,12.112018531496496,6.338299935401589,12.276268477107251,L100_D7.2_U260,r100/t7.2/t7.2_260.cif,128,1,upper
131,O132,O,8,0.1692588026076889,0.3269141967993526,0.4520171969557997,2.7502750038309687,6.332330532388284,12.27926503725916,L100_D7.2_U260,r100/t7.2/t7.2_260.cif,129,1,upper
136,O137,O,8,0.3477781825903902,0.1484811432202375,0.4563623354164701,5.82330592937248,3.0454596274335684,12.397302817992928,L100_D7.2_U260,r100/t7.2/t7.2_260.cif,130,1,upper
154,O155,O,8,0.8479168129229763,0.1508124679323393,0.4578168843402465,15.19415588838107,3.089423996475053,12.436816340630998,L100_D7.2_U260,r100/t7.2/t7.2_260.cif,131,1,upper
15,C16,C,6,0.0094525705235861,0.2182421044476407,0.458229687829834,-0.4163060161224097,4.332914855203194,12.44803034640575,L100_D7.2_U260,r100/t7.2/t7.2_260.cif,132,1,upper
39,C40,C,6,0.5106653217500753,0.2172103660348243,0.4582785362018907,8.97251930460454,4.313925463839529,12.44935733597863,L100_D7.2_U260,r100/t7.2/t7.2_260.cif,133,1,upper
38,C39,C,6,0.5412113842803826,0.368289336092658,0.4585956843296726,9.76680449199626,7.099609625222024,12.457972817742004,L100_D7.2_U260,r100/t7.2/t7.2_260.cif,134,1,upper
14,C15,C,6,0.0419355544820743,0.3685798405907607,0.4586429339892581,0.412984108592874,7.104997586110043,12.459256377519992,L100_D7.2_U260,r100/t7.2/t7.2_260.cif,135,1,upper
109,H110,H,1,0.8054441887281998,0.298216988308418,0.4683209186444589,14.59464778205744,5.814234276072071,12.72216349567408,L100_D7.2_U260,r100/t7.2/t7.2_260.cif,136,1,upper
74,H75,H,1,0.3060303984005235,0.2967507247261942,0.4684678653857881,5.235454861635038,5.787299648174272,12.72615537473376,L100_D7.2_U260,r100/t7.2/t7.2_260.cif,137,1,upper
119,H120,H,1,0.9128253235510464,0.2820517760013484,0.476265555615581,16.566796571725405,5.521553213591978,12.93798338847952,L100_D7.2_U260,r100/t7.2/t7.2_260.cif,138,1,upper
70,H71,H,1,0.4134600347534771,0.2797236520559787,0.4763225542185815,7.207421952440377,5.478667627120179,12.939531783004574,L100_D7.2_U260,r100/t7.2/t7.2_260.cif,139,1,upper
82,H83,H,1,0.3089902342968498,0.1634922957512321,0.477021637552632,5.077463695432162,3.3361608035073376,12.95852271874717,L100_D7.2_U260,r100/t7.2/t7.2_260.cif,140,1,upper
117,H118,H,1,0.808491833688385,0.165868953370758,0.4779382333473807,14.43751958841098,3.380598052059556,12.983422485330294,L100_D7.2_U260,r100/t7.2/t7.2_260.cif,141,1,upper
12,C13,C,6,0.0772680825182336,0.249363379325042,0.4807426943616554,0.8551526506046616,4.9218918666235965,13.059607020593246,L100_D7.2_U260,r100/t7.2/t7.2_260.cif,142,1,upper
36,C37,C,6,0.5775755915501765,0.2494343381476493,0.4811668975732954,10.227893239263512,4.923486337019549,13.071130705312466,L100_D7.2_U260,r100/t7.2/t7.2_260.cif,143,1,upper
105,H106,H,1,0.4902367762853864,0.1792284817923619,0.4845068124936453,8.48143984120924,3.6313415940066585,13.161861104034182,L100_D7.2_U260,r100/t7.2/t7.2_260.cif,144,1,upper
69,H70,H,1,0.9888119711911408,0.180934414818527,0.4847990374146074,17.824397530150804,3.662991338932957,13.169799534870778,L100_D7.2_U260,r100/t7.2/t7.2_260.cif,145,1,upper
66,H67,H,1,0.1206188483645574,0.2069061989728094,0.489536884234772,1.5872248005433225,4.145034204342443,13.29850542748403,L100_D7.2_U260,r100/t7.2/t7.2_260.cif,146,1,upper
102,H103,H,1,0.6214273892593049,0.2076103927464145,0.4902611897238049,10.96968630794874,4.158506206423128,13.318181535224344,L100_D7.2_U260,r100/t7.2/t7.2_260.cif,147,1,upper
41,C42,C,6,0.548586870710519,0.3630093971228625,0.5144506594833552,9.785675394568418,7.0399451427044415,13.97530014108422,L100_D7.2_U260,r100/t7.2/t7.2_260.cif,148,1,upper
17,C18,C,6,0.0492738746013504,0.3628227528251307,0.5144866006081833,0.4304781558364245,7.036528195925406,13.976276499064566,L100_D7.2_U260,r100/t7.2/t7.2_260.cif,149,1,upper
130,O131,O,8,0.0604858480448102,0.2858528194534361,0.5255204454527259,0.505086879906477,5.624863675785951,14.276016212815728,L100_D7.2_U260,r100/t7.2/t7.2_260.cif,150,1,upper
148,O149,O,8,0.5599458143650735,0.2861023205072151,0.5257267253033644,9.862646624838543,5.629602938912408,14.281619904389622,L100_D7.2_U260,r100/t7.2/t7.2_260.cif,151,1,upper
107,H108,H,1,0.5953773307201803,0.3907417831211428,0.5290562052201879,10.674016342676794,7.561105810235747,14.37206683121065,L100_D7.2_U260,r100/t7.2/t7.2_260.cif,152,1,upper
72,H73,H,1,0.0961278590709505,0.3903338952098072,0.5292239361013468,1.3194200872574102,7.553698667383547,14.376623321447202,L100_D7.2_U260,r100/t7.2/t7.2_260.cif,153,1,upper
106,H107,H,1,0.5001206662898079,0.3851134755606604,0.5311706262893962,8.876824720477254,7.458762189132402,14.429506098751862,L100_D7.2_U260,r100/t7.2/t7.2_260.cif,154,1,upper
71,H72,H,1,0.0008239931609685,0.3849479758926301,0.5312254693564218,-0.4780732856162346,7.455747841945898,14.430995937103145,L100_D7.2_U260,r100/t7.2/t7.2_260.cif,155,1,upper
